image,label
carlong_0283.png,51G01177
carlong_0284.png,51G01177
carlong_0287.png,51G37307
carlong_0294.png,51G51292
carlong_0297.png,51A72078
carlong_0299.png,51A77529
carlong_0306.png,51F22029
carlong_0308.png,51A05227
carlong_0309.png,51A05227
carlong_0312.png,51G39466
carlong_0317.png,51G42971
carlong_0321.png,51F63034
carlong_0326.png,51F16159
carlong_0329.png,51F06609
carlong_0330.png,51A89714
carlong_0334.png,51G22237
carlong_0337.png,60A03868
carlong_0339.png,51G31691
carlong_0347.png,60A35981
carlong_0348.png,60A35981
carlong_0355.png,51A77529
carlong_0357.png,51G31691
carlong_0359.png,51A02923
carlong_0362.png,51F07973
carlong_0364.png,51A85325
carlong_0375.png,51F61712
carlong_0380.png,51F88270
carlong_0382.png,51F88270
carlong_0384.png,51F88270
carlong_0397.png,51F59881
carlong_0402.png,51A72444
carlong_0404.png,51F31118
carlong_0411.png,51A85325
carlong_0429.png,51F06532
carlong_0433.png,51A77529
carlong_0440.png,51F88270
carlong_0441.png,51F88270
carlong_0443.png,51F22029
carlong_0446.png,51G01440
carlong_0450.png,51G21670
carlong_0452.png,51F59881
carlong_0455.png,51F06948
carlong_0458.png,51F07973
carlong_0464.png,61A22959
carlong_0467.png,51A60216
carlong_0469.png,51A96141
carlong_0475.png,51F24403
carlong_0478.png,51F16159
carlong_0479.png,51F16159
carlong_0488.png,51F59011
carlong_0496.png,51A89714
carlong_0497.png,51A89714
carlong_0502.png,51B21666
carlong_0505.png,51F20754
carlong_0514.png,51A85325
carlong_0515.png,51A85325
carlong_0533.png,51C59323
carlong_0537.png,51F22261
carlong_0539.png,51F59881
carlong_0540.png,51F22261
carlong_0545.png,51F06948
carlong_0548.png,51G39466
carlong_0553.png,51F07973
carlong_0554.png,51F61712
carlong_0556.png,51F88270
carlong_0557.png,51F55827
carlong_0560.png,51A69172
carlong_0561.png,51A69172
carlong_0562.png,51F16159
carlong_0563.png,51F16159
carlong_0565.png,61A22959
carlong_0571.png,51D10039
carlong_0572.png,60A35981
carlong_0573.png,51A89714
carlong_0576.png,51A72110
carlong_0579.png,29A51796
carlong_0580.png,29A51796
carlong_0583.png,51F44614
carlong_0594.png,51F24403
carlong_0603.png,60A35981
carlong_0604.png,51F59011
carlong_0620.png,51F16159
carlong_0624.png,51G49160
carlong_0632.png,51A85325
carlong_0635.png,51G25181
carlong_0636.png,51F49142
carlong_0640.png,51A90905
carlong_0648.png,51A72110
carlong_0652.png,60A35981
carlong_0653.png,51G47340
carlong_0654.png,51A96141
carlong_0659.png,60LD00584
carlong_0662.png,51A72078
carlong_0663.png,51A72078
carlong_0665.png,51A77529
carlong_0667.png,51F44614
carlong_0669.png,51G51008
carlong_0671.png,51F79512
carlong_0673.png,51A05227
carlong_0674.png,51A05227
carlong_0676.png,51F59881
carlong_0680.png,51F07973
carlong_0685.png,30E00090
carlong_0690.png,51A69172
carlong_0692.png,51G51008
carlong_0701.png,51F24403
carlong_0706.png,51F15585
carlong_0708.png,51F15585
carlong_0710.png,51G51332
carlong_0712.png,60A35981
carlong_0716.png,51F04877
carlong_0718.png,51F59011
carlong_0721.png,51F78904
carlong_0723.png,51F15380
carlong_0727.png,51F69259
carlong_0728.png,51F13251
carlong_0729.png,51F13251
carlong_0732.png,29A23950
carlong_0735.png,51F15585
carlong_0736.png,51G48154
carlong_0737.png,51G48154
carlong_0738.png,51F77836
carlong_0745.png,51F27809
carlong_0746.png,51F27809
carlong_0749.png,30V3993
carlong_0752.png,51A75932
carlong_0757.png,51A05227
carlong_0760.png,29A51796
carlong_0763.png,51F59011
carlong_0767.png,51A05227
carlong_0773.png,51F06948
carlong_0777.png,51F61712
carlong_0781.png,51F63034
carlong_0784.png,51A69172
carlong_0785.png,61A22959
carlong_0787.png,51G51008
carlong_0788.png,51G51008
carlong_0789.png,51F35613
carlong_0795.png,51A96141
carlong_0796.png,51F44614
carlong_0797.png,51F44614
carlong_0806.png,51F15585
carlong_0817.png,51F78904
carlong_0820.png,51G51936
carlong_0826.png,51F13251
carlong_0829.png,51G48154
carlong_0830.png,51G48154
carlong_0834.png,51F58214
carlong_0840.png,51F27809
carlong_0844.png,51A96141
carlong_0845.png,51A45974
carlong_0849.png,51A01204
carlong_0850.png,51G39466
carlong_0853.png,51F24403
carlong_0857.png,51G51332
carlong_0858.png,51F04275
carlong_0859.png,51F04275
carlong_0861.png,51F07568
carlong_0864.png,51G31691
carlong_0866.png,51A16598
carlong_0870.png,51F20754
carlong_0871.png,51F20754
carlong_0872.png,51F31118
carlong_0874.png,50LD04411
carlong_0876.png,51G10096
carlong_0882.png,51F06532
carlong_0886.png,51A77529
carlong_0887.png,51A05227
carlong_0889.png,51F59881
carlong_0890.png,51A01204
carlong_0893.png,51F61712
carlong_0895.png,51F88270
carlong_0898.png,61A22959
carlong_0904.png,51F15585
carlong_0908.png,51F59011
carlong_0909.png,51F78396
carlong_0914.png,51F20754
carlong_0917.png,50LD04411
carlong_0922.png,51G21748
carlong_0926.png,51A72078
carlong_0927.png,51A77529
carlong_0939.png,51A01204
carlong_0940.png,51A01204
carlong_0942.png,51A01204
carlong_0943.png,51F06948
carlong_0947.png,51F07973
carlong_0948.png,51F07973
carlong_0949.png,51F61712
carlong_0951.png,51F88270
carlong_0953.png,51F88270
carlong_0960.png,51F16159
carlong_0966.png,52Z9755
carlong_0967.png,52Z9755
carlong_0972.png,51A96141
carlong_0973.png,51A96141
carlong_0975.png,51F44614
carlong_0981.png,51G51332
carlong_0982.png,51G51332
carlong_0984.png,51F15585
carlong_0987.png,51F22261
greenpack_0407.png,79K78987
greenpack_0409.png,59M176054
greenpack_0411.png,59V215800
greenpack_0442.png,51K28501
greenpack_0444.png,59X278848
greenpack_0445.png,56P19074
greenpack_0452.png,83H66954
greenpack_0458.png,59P201920
greenpack_0470.png,51L80104
greenpack_0472.png,59X278848
greenpack_0483.png,59C113183
greenpack_0511.png,59L191651
greenpack_0516.png,60B325220
greenpack_0537.png,51V44579
greenpack_0545.png,59P211120
greenpack_0546.png,54X41983
greenpack_0549.png,54L42110
greenpack_0559.png,59E119283
greenpack_0561.png,59E164516
greenpack_0566.png,79D107705
greenpack_0574.png,59F115042
greenpack_0575.png,59K164227
greenpack_0577.png,54K48147
greenpack_0583.png,59S195382
greenpack_0584.png,59S244717
greenpack_0587.png,59H154289
greenpack_0590.png,67E105420
greenpack_0609.png,77D112938
greenpack_0610.png,59T118362
greenpack_0614.png,95P26027
greenpack_0621.png,54S85489
greenpack_0622.png,54N56409
greenpack_0627.png,59H152850
greenpack_0637.png,59F118814
greenpack_0641.png,79C122177
greenpack_0656.png,59E153127
greenpack_0660.png,49E115383
greenpack_0668.png,59C124785
greenpack_0674.png,79Z104811
greenpack_0677.png,59C130923
greenpack_0681.png,59L145900
greenpack_0689.png,59L116392
greenpack_0698.png,59L205442
greenpack_0712.png,59P232334
greenpack_0717.png,59S228834
greenpack_0718.png,59B131489
greenpack_0747.png,59H104425
greenpack_0749.png,60C165829
greenpack_0750.png,77M63369
greenpack_0762.png,51X91894
greenpack_0771.png,54F30667
greenpack_0777.png,60B938385
greenpack_0792.png,49E115383
greenpack_0796.png,70B132168
greenpack_0804.png,59P124497
greenpack_0839.png,92N103003
greenpack_0841.png,79H57630
greenpack_0842.png,59X294270
greenpack_0844.png,82B119789
greenpack_0845.png,94E119317
greenpack_0847.png,59C227415
greenpack_0850.png,59L150899
greenpack_0856.png,66H60786
greenpack_0857.png,59P139355
greenpack_0862.png,59M146204
greenpack_0868.png,59U184366
greenpack_0871.png,59M161406
greenpack_0873.png,61C152787
greenpack_0885.png,59C123083
greenpack_0890.png,59M107790
greenpack_0891.png,59T146685
greenpack_0895.png,60B511827
greenpack_0903.png,59M107790
greenpack_0905.png,59P232334
greenpack_0912.png,49B123354
greenpack_0932.png,59Y187724
greenpack_0939.png,52F53512
greenpack_0941.png,59Z119632
greenpack_0949.png,59L231318
greenpack_0954.png,59P185700
greenpack_0962.png,53V73196
greenpack_0968.png,59FA00982
greenpack_0974.png,71B207999
greenpack_0979.png,59H147751
greenpack_0981.png,79K102061
greenpack_0983.png,59P232334
greenpack_0986.png,59P178999
greenpack_0990.png,54F45279
greenpack_0999.png,52Z67766
greenpack_1008.png,59C201208
greenpack_1014.png,59S109841
greenpack_1026.png,78H102133
greenpack_1048.png,59F165171
greenpack_1067.png,59L223164
greenpack_1072.png,55X82215
greenpack_1078.png,59P221181
greenpack_1089.png,79Z15804
greenpack_1101.png,59S226754
greenpack_1103.png,59B137858
greenpack_1108.png,54T34407
greenpack_1117.png,60T77586
greenpack_1126.png,59F114064
greenpack_1140.png,52K38683
greenpack_1143.png,59X156419
greenpack_1147.png,74K15866
greenpack_1162.png,59F103055
greenpack_1170.png,59T114860
greenpack_1172.png,51H22933
greenpack_1175.png,59P198876
greenpack_1176.png,59T174443
greenpack_1177.png,55P23999
greenpack_1188.png,59V152755
greenpack_1198.png,51S91699
greenpack_1210.png,78C114748
greenpack_1240.png,59S232928
greenpack_1250.png,59T159973
greenpack_1253.png,59T185717
greenpack_1261.png,55P48426
greenpack_1265.png,59Y167452
greenpack_1267.png,70P15900
greenpack_1270.png,53V48609
greenpack_1275.png,78N25203
greenpack_1278.png,54V79675
greenpack_1282.png,59M160886
greenpack_1288.png,49B132870
greenpack_1301.png,61X23244
greenpack_1303.png,68H26613
greenpack_1315.png,59K120173
greenpack_1317.png,68LA00776
greenpack_1322.png,53S62722
greenpack_1336.png,59D217148
greenpack_1350.png,86B114630
greenpack_1352.png,59S231606
greenpack_1361.png,59N187957
greenpack_1370.png,59M197580
greenpack_1371.png,59C262872
greenpack_1386.png,67M25949
greenpack_1387.png,51S57559
greenpack_1388.png,47C115294
greenpack_1410.png,72T28629
greenpack_1415.png,60B316391
greenpack_1417.png,77X69544
greenpack_1420.png,92L87156
greenpack_1433.png,54S44283
greenpack_1434.png,59A308642
greenpack_1436.png,59S159694
greenpack_1457.png,59F176597
greenpack_1460.png,47K29950
greenpack_1469.png,59C128740
greenpack_1472.png,59S171398
greenpack_1475.png,59L197998
greenpack_1489.png,47K29950
greenpack_1490.png,81U100276
greenpack_1494.png,62K109571
greenpack_1497.png,59K185250
greenpack_1503.png,85B102836
greenpack_1506.png,59P166480
greenpack_1522.png,54U25965
greenpack_1524.png,59T155424
greenpack_1536.png,93E105119
greenpack_1541.png,59D106399
greenpack_1544.png,59P200263
greenpack_1548.png,54P48871
greenpack_1553.png,60V77002
greenpack_1564.png,59H155556
greenpack_1572.png,29B110559
greenpack_1578.png,59M181859
greenpack_1589.png,55X20010
greenpack_1590.png,50T27594
greenpack_1602.png,60U29125
greenpack_1606.png,66L126685
greenpack_1615.png,77X46391
greenpack_1622.png,59F109865
greenpack_1623.png,59C165515
greenpack_1627.png,59F159997
greenpack_1629.png,86K44446
greenpack_1630.png,86AA01079
greenpack_1639.png,51P74022
greenpack_1642.png,59D185619
greenpack_1651.png,59T192715
greenpack_1668.png,65X44850
greenpack_1670.png,50N118689
greenpack_1672.png,52P28146
greenpack_1673.png,72F131144
greenpack_1675.png,78H100111
greenpack_1694.png,59F120066
greenpack_1695.png,54K40723
greenpack_1696.png,73G117544
greenpack_1699.png,59D206973
greenpack_1702.png,67L133525
greenpack_1714.png,59D108861
greenpack_1717.png,59N173948
greenpack_1721.png,59D167023
greenpack_1724.png,54S92073
greenpack_1727.png,72H73227
greenpack_1737.png,59C156086
greenpack_1739.png,61B131345
greenpack_1743.png,59F138151
greenpack_1745.png,52T72746
greenpack_1747.png,59F175758